dataset,n_trees,explainer,n_samples,n_samples_explained,n_features,accuracy,precision,recall,f1,avg_nnodes,avg_nleaves,avg_depth,q,jaccard,coverage_ratio,mean_distance,mean_length,init_time,runtime,clique_size,grown_clique_size,ext_min,ext_avg,ext_max,n_rects,cover_xtrain,cover_xtest,rects_0,rects_1,facet_sd,facet_search,rbv_initial_radius,rbv_radius_growth,rbv_num_interval,rects_searched_0,rects_searched_1,idx_dim_0,idx_dim_1
glass,20,FACETIndex,20,20,9,0.9,0.8888888888888888,0.8888888888888888,0.8888888888888888,26.2,13.6,6.0,0.44693558267833206,0.658189223057644,1.0,0.10099202925580164,3.1,19.1063334941864,0.5520002841949463,,,,,,60000,0.627906976744186,0.45,23217,9286,0.3,BitVector,0.05,Linear,4,17886,9199,8,8
glass,20,FACETIndex,20,20,9,0.9,0.8888888888888888,0.8888888888888888,0.8888888888888888,26.2,13.6,6.0,0.44693558267833206,0.658189223057644,0.95,0.10068555113467034,3.1052631578947367,23.557554483413696,0.21499943733215332,,,,,,60000,0.6356589147286822,0.45,23065,9135,0.3,BitVector,0.05,Linear,8,6266,3709,8,8
glass,20,FACETIndex,20,20,9,0.9,0.8888888888888888,0.8888888888888888,0.8888888888888888,26.2,13.6,6.0,0.44693558267833206,0.658189223057644,1.0,0.1028027106319562,3.1,29.78356385231018,0.21599984169006348,,,,,,60000,0.6201550387596899,0.55,22933,9156,0.3,BitVector,0.05,Linear,16,4975,4858,7,7
glass,20,FACETIndex,20,20,9,0.9,0.8888888888888888,0.8888888888888888,0.8888888888888888,26.2,13.6,6.0,0.44693558267833206,0.658189223057644,1.0,0.10196367114152698,3.25,19.276004314422607,3.8879988193511963,,,,,,60000,0.6124031007751938,0.5,23112,9217,0.3,BitVector,0.05,Linear,32,124918,74230,1,1
