dataset,n_trees,explainer,n_samples,n_samples_explained,n_features,accuracy,precision,recall,f1,avg_nnodes,avg_nleaves,avg_depth,q,jaccard,coverage_ratio,mean_distance,mean_length,init_time,runtime,clique_size,grown_clique_size,ext_min,ext_avg,ext_max,n_rects,cover_xtrain,cover_xtest,rects_0,rects_1,facet_sd,facet_search,rbv_initial_radius,rbv_radius_growth,rbv_num_interval,rects_searched_0,rects_searched_1,idx_dim_0,idx_dim_1
magic,20,FACETIndex,20,20,10,0.9,0.8333333333333334,1.0,0.9090909090909091,161.4,81.2,7.0,0.9368500260419136,1.0,1.0,0.14968015490399486,4.55,25.0058696269989,1.2500009536743164,,,,,,60000,0.21485376273414394,0.1,42931,13561,0.3,BitVector,0.05,Linear,4,22397,39084,10,10
magic,20,FACETIndex,20,20,10,0.9,0.8333333333333334,1.0,0.9090909090909091,161.4,81.2,7.0,0.9368500260419136,1.0,1.0,0.15118907893059785,4.65,33.89293932914734,0.7224891185760498,,,,,,60000,0.19730529083141637,0.15,42778,13610,0.3,BitVector,0.05,Linear,8,11729,22931,10,10
magic,20,FACETIndex,20,20,10,0.9,0.8333333333333334,1.0,0.9090909090909091,161.4,81.2,7.0,0.9368500260419136,1.0,1.0,0.14496133522015917,4.35,51.47117829322815,0.3390481472015381,,,,,,60000,0.22990469930989155,0.15,42888,13427,0.3,BitVector,0.05,Linear,16,5510,9521,10,10
magic,20,FACETIndex,20,20,10,0.9,0.8333333333333334,1.0,0.9090909090909091,161.4,81.2,7.0,0.9368500260419136,1.0,1.0,0.15496188722305465,4.05,87.93067717552185,0.2350010871887207,,,,,,60000,0.21807426881367073,0.2,42864,13441,0.3,BitVector,0.05,Linear,32,3819,5745,10,10
