dataset,n_trees,explainer,n_samples,n_samples_explained,n_features,accuracy,precision,recall,f1,avg_nnodes,avg_nleaves,avg_depth,q,jaccard,coverage_ratio,mean_distance,mean_length,init_time,runtime,clique_size,grown_clique_size,ext_min,ext_avg,ext_max,n_rects,cover_xtrain,cover_xtest,rects_0,rects_1,facet_sd,facet_search,rbv_initial_radius,rbv_radius_growth,rbv_num_interval,rects_searched_0,rects_searched_1,idx_dim_0,idx_dim_1
spambase,20,FACETIndex,20,20,57,1.0,1.0,1.0,1.0,105.2,53.1,7.0,-0.3941375960189372,0.4909822382697691,1.0,0.025650343176404078,7.35,65.55440497398376,1.5684685707092285,,,,,,60000,0.007065217391304348,0.0,44891,15103,0.3,BitVector,0.05,Linear,4,57144,20639,51,50
spambase,20,FACETIndex,20,20,57,1.0,1.0,1.0,1.0,105.2,53.1,7.0,-0.3941375960189372,0.4909822382697691,1.0,0.025638122132104684,7.9,86.3616623878479,0.8299999237060547,,,,,,60000,0.008967391304347826,0.0,44865,15133,0.3,BitVector,0.05,Linear,8,29242,11374,37,36
spambase,20,FACETIndex,20,20,57,1.0,1.0,1.0,1.0,105.2,53.1,7.0,-0.3941375960189372,0.4909822382697691,1.0,0.026683970024919894,7.75,111.27001523971558,0.6939997673034668,,,,,,60000,0.004891304347826087,0.0,44882,15112,0.3,BitVector,0.05,Linear,16,19508,14270,25,25
spambase,20,FACETIndex,20,20,57,1.0,1.0,1.0,1.0,105.2,53.1,7.0,-0.3941375960189372,0.4909822382697691,1.0,0.025072231750165947,7.9,91.83534908294678,2.0892744064331055,,,,,,60000,0.004347826086956522,0.0,45078,14919,0.3,BitVector,0.05,Linear,32,63861,33695,10,8
