dataset,n_trees,explainer,n_samples,n_samples_explained,n_features,accuracy,precision,recall,f1,avg_nnodes,avg_nleaves,avg_depth,q,jaccard,coverage_ratio,mean_distance,mean_length,init_time,runtime,clique_size,grown_clique_size,ext_min,ext_avg,ext_max,n_rects,cover_xtrain,cover_xtest,rects_0,rects_1,facet_sd,facet_search,rbv_initial_radius,rbv_radius_growth,rbv_num_interval,rects_searched_0,rects_searched_1,idx_dim_0,idx_dim_1
vertebral,20,FACETIndex,20,20,6,0.65,0.7142857142857143,0.7692307692307693,0.7407407407407408,33.0,17.0,7.0,0.6949576145563346,0.9035087719298247,1.0,0.0655567289127457,2.5,18.4320125579834,0.4239993095397949,,,,,,60000,0.5789473684210527,0.45,5067,13164,0.3,BitVector,0.05,Linear,4,16539,5450,6,6
vertebral,20,FACETIndex,20,20,6,0.65,0.7142857142857143,0.7692307692307693,0.7407407407407408,33.0,17.0,7.0,0.6949576145563346,0.9035087719298247,1.0,0.06550166968611754,2.55,20.119426012039185,0.18301677703857422,,,,,,60000,0.562753036437247,0.55,5035,13005,0.3,BitVector,0.05,Linear,8,7512,1604,6,6
vertebral,20,FACETIndex,20,20,6,0.65,0.7142857142857143,0.7692307692307693,0.7407407407407408,33.0,17.0,7.0,0.6949576145563346,0.9035087719298247,1.0,0.06533962945371677,2.45,23.49899935722351,0.12800002098083496,,,,,,60000,0.6153846153846154,0.5,5021,13046,0.3,BitVector,0.05,Linear,16,5520,649,6,6
vertebral,20,FACETIndex,20,20,6,0.65,0.7142857142857143,0.7692307692307693,0.7407407407407408,33.0,17.0,7.0,0.6949576145563346,0.9035087719298247,1.0,0.06880271616858803,2.6,30.33674144744873,0.10400152206420898,,,,,,60000,0.5748987854251012,0.4,5005,12919,0.3,BitVector,0.05,Linear,32,4459,355,6,6
