dataset,n_trees,explainer,n_samples,n_samples_explained,n_features,accuracy,precision,recall,f1,avg_nnodes,avg_nleaves,avg_depth,q,jaccard,coverage_ratio,mean_distance,mean_length,init_time,runtime,clique_size,grown_clique_size,ext_min,ext_avg,ext_max,n_rects,cover_xtrain,cover_xtest,rects_0,rects_1,facet_sd,facet_search,rbv_initial_radius,rbv_radius_growth,rbv_num_interval,rects_searched_0,rects_searched_1,idx_dim_0,idx_dim_1
cancer,20,FACETIndex,20,20,30,0.95,1.0,0.6666666666666666,0.8,21.5,11.25,4.95,0.7536855183169767,0.2107146418705405,1.0,0.1882803210347987,6.25,37.34886431694031,2.7479987144470215,,,,,,60000,0.8061674008810573,0.75,40278,15059,0.3,BitVector,0.05,Linear,4,42138,94664,26,25
cancer,20,FACETIndex,20,20,30,0.95,1.0,0.6666666666666666,0.8,21.5,11.25,4.95,0.7536855183169767,0.2107146418705405,1.0,0.19483057170570045,6.15,38.63617992401123,2.7518656253814697,,,,,,60000,0.8105726872246696,0.75,41664,16149,0.3,BitVector,0.05,Linear,4,47566,88188,26,25
cancer,20,FACETIndex,20,20,30,0.95,1.0,0.6666666666666666,0.8,21.5,11.25,4.95,0.7536855183169767,0.2107146418705405,1.0,0.19047578328266973,5.65,36.74639296531677,2.6556484699249268,,,,,,60000,0.8039647577092511,0.7,39735,15394,0.3,BitVector,0.05,Linear,4,42120,90516,26,25
