dataset,n_trees,explainer,n_samples,n_samples_explained,n_features,accuracy,precision,recall,f1,avg_nnodes,avg_nleaves,avg_depth,q,jaccard,coverage_ratio,mean_distance,mean_length,init_time,runtime,clique_size,grown_clique_size,ext_min,ext_avg,ext_max,n_rects,cover_xtrain,cover_xtest,rects_0,rects_1,facet_sd,facet_search,rbv_initial_radius,rbv_radius_growth,rbv_num_interval,rects_searched_0,rects_searched_1,idx_dim_0,idx_dim_1
glass,20,FACETIndex,20,20,9,0.85,0.8,0.8888888888888888,0.8421052631578948,22.1,11.55,5.0,0.2833424663810772,0.5857811194653301,1.0,0.10079419382216492,3.05,18.371294498443604,0.5759978294372559,,,,,,60000,0.4883720930232558,0.45,22439,5901,0.3,BitVector,0.05,Linear,4,20875,7335,9,9
glass,20,FACETIndex,20,20,9,0.85,0.8,0.8888888888888888,0.8421052631578948,22.1,11.55,5.0,0.2833424663810772,0.5857811194653301,1.0,0.09909194206528835,3.25,19.169004201889038,0.7665085792541504,,,,,,60000,0.5193798449612403,0.65,25342,5813,0.3,BitVector,0.05,Linear,4,28113,7433,9,9
glass,20,FACETIndex,20,20,9,0.85,0.8,0.8888888888888888,0.8421052631578948,22.1,11.55,5.0,0.2833424663810772,0.5857811194653301,1.0,0.10053639901393445,3.2,18.497007608413696,0.6459999084472656,,,,,,60000,0.49612403100775193,0.55,24585,6111,0.3,BitVector,0.05,Linear,4,24573,7325,9,9
