dataset,n_trees,explainer,n_samples,n_samples_explained,n_features,accuracy,precision,recall,f1,avg_nnodes,avg_nleaves,avg_depth,q,jaccard,coverage_ratio,mean_distance,mean_length,init_time,runtime,clique_size,grown_clique_size,ext_min,ext_avg,ext_max,n_rects,cover_xtrain,cover_xtest,rects_0,rects_1,facet_sd,facet_search,rbv_initial_radius,rbv_radius_growth,rbv_num_interval,rects_searched_0,rects_searched_1,idx_dim_0,idx_dim_1
magic,20,FACETIndex,20,20,10,0.9,0.8333333333333334,1.0,0.9090909090909091,165.3,83.15,7.0,0.9531311231971876,0.9900000000000001,1.0,0.13885842185455693,4.05,15.87653136253357,12.502423524856567,,,,,,60000,0.1819257311863293,0.2,45709,10885,0.3,Linear,0.05,Linear,4,-1,-1,-1,-1
magic,20,FACETIndex,20,20,10,0.9,0.8333333333333334,1.0,0.9090909090909091,165.3,83.15,7.0,0.9531311231971876,0.9900000000000001,1.0,0.13761814573425346,3.8,24.704463005065918,0.9875147342681885,,,,,,60000,0.18626355570161024,0.1,45835,10830,0.3,BitVector,0.05,Linear,4,13766,29097,10,10
