dataset,n_trees,explainer,n_samples,n_samples_explained,n_features,accuracy,precision,recall,f1,avg_nnodes,avg_nleaves,avg_depth,q,jaccard,coverage_ratio,mean_distance,mean_length,init_time,runtime,clique_size,grown_clique_size,ext_min,ext_avg,ext_max,n_rects,cover_xtrain,cover_xtest,rects_0,rects_1,facet_sd,facet_search,rbv_initial_radius,rbv_radius_growth,rbv_num_interval,rects_searched_0,rects_searched_1,idx_dim_0,idx_dim_1
vertebral,20,FACETIndex,20,20,6,0.85,0.9166666666666666,0.8461538461538461,0.8799999999999999,35.4,18.2,6.95,0.6768557423327572,0.9385964912280702,1.0,0.06848595564805862,2.45,16.216999292373657,3.0850000381469727,,,,,,60000,0.5789473684210527,0.55,6653,10074,0.3,Linear,0.05,Linear,4,-1,-1,-1,-1
vertebral,20,FACETIndex,20,20,6,0.85,0.9166666666666666,0.8461538461538461,0.8799999999999999,35.4,18.2,6.95,0.6768557423327572,0.9385964912280702,1.0,0.071001150708035,2.9,17.773998975753784,0.6700000762939453,,,,,,60000,0.5708502024291497,0.6,6708,10200,0.3,BitVector,0.05,Linear,4,23211,7713,6,6
