dataset,n_trees,explainer,n_samples,n_samples_explained,n_features,accuracy,precision,recall,f1,avg_nnodes,avg_nleaves,avg_depth,q,jaccard,coverage_ratio,mean_distance,mean_length,init_time,runtime,clique_size,grown_clique_size,ext_min,ext_avg,ext_max,n_rects
cancer,20,FACETIndex,20,20,30,0.95,1.0,0.6666666666666666,0.8,12.8,6.9,3.0,0.8052733282481567,0.18587092731829574,1.0,0.2545147883777693,7.0,0.08000063896179199,0.28600287437438965,-1,-1,-1,-1,-1,2
cancer,20,FACETIndex,20,20,30,0.95,1.0,0.6666666666666666,0.8,12.8,6.9,3.0,0.8052733282481567,0.18587092731829574,1.0,0.26105611051097644,7.1,0.0839998722076416,0.3679995536804199,-1,-1,-1,-1,-1,5
cancer,20,FACETIndex,20,20,30,0.95,1.0,0.6666666666666666,0.8,12.8,6.9,3.0,0.8052733282481567,0.18587092731829574,1.0,0.2530919337635066,6.6,0.0969991683959961,0.34999966621398926,-1,-1,-1,-1,-1,10
cancer,20,FACETIndex,20,20,30,0.95,1.0,0.6666666666666666,0.8,12.8,6.9,3.0,0.8052733282481567,0.18587092731829574,1.0,0.2661688119206612,6.9,0.08199930191040039,0.2990000247955322,-1,-1,-1,-1,-1,20
cancer,20,FACETIndex,20,20,30,0.95,1.0,0.6666666666666666,0.8,12.8,6.9,3.0,0.8052733282481567,0.18587092731829574,1.0,0.2557405031898769,6.75,0.08700013160705566,0.3120002746582031,-1,-1,-1,-1,-1,50
cancer,20,FACETIndex,20,20,30,0.95,1.0,0.6666666666666666,0.8,12.8,6.9,3.0,0.8052733282481567,0.18587092731829574,1.0,0.2634523734122453,6.85,0.08000016212463379,0.28299999237060547,-1,-1,-1,-1,-1,100
