dataset,n_trees,explainer,n_samples,n_samples_explained,n_features,accuracy,precision,recall,f1,avg_nnodes,avg_nleaves,avg_depth,q,jaccard,coverage_ratio,mean_distance,mean_length,init_time,runtime,clique_size,grown_clique_size,ext_min,ext_avg,ext_max,n_rects,cover_xtrain,cover_xtest,rects_0,rects_1,facet_sd,facet_search,rbv_initial_radius,rbv_radius_growth,rbv_num_interval,rects_searched_0,rects_searched_1,idx_dim_0,idx_dim_1
vertebral,10,FACETIndex,20,20,6,0.85,0.8571428571428571,0.9230769230769231,0.888888888888889,11.6,6.3,3.0,0.8088637340595429,0.49518518518518523,1.0,0.060030969888000794,1.4,16.83950424194336,0.4100000858306885,,,,,,60000,0.9433198380566802,0.9,656,913,0.3,Linear,0.05,Linear,4,-1,-1,-1,-1
vertebral,10,FACETIndex,20,20,6,0.85,0.8571428571428571,0.9230769230769231,0.888888888888889,11.6,6.3,3.0,0.8088637340595429,0.49518518518518523,1.0,0.05967362912779104,1.25,16.963773012161255,0.08500027656555176,,,,,,60000,0.9676113360323887,0.9,653,907,0.3,BitVector,0.05,Linear,4,2417,504,5,5
