explainer,n_samples,n_samples_explained,n_features,accuracy,precision,recall,f1,avg_nnodes,avg_nleaves,avg_depth,q,jaccard,coverage_ratio,mean_distance,mean_length,init_time,runtime,clique_size,grown_clique_size,ext_min,ext_avg,ext_max
FACETGrow,20,20,6,0.7,0.7692307692307693,0.7692307692307693,0.7692307692307693,11.6,6.3,3.0,0.7955130866705479,0.5033333333333334,1.0,0.29521826415292046,3.9,0.05199790000915527,0.025000333786010742,1.5,9.5,-1,-1,-1
OCEAN,20,20,6,0.7,0.7692307692307693,0.7692307692307693,0.7692307692307693,11.6,6.3,3.0,0.7955130866705479,0.5033333333333334,1.0,0.05217903336323999,1.65,0.0,0.5138852596282959,-1.0,-1.0,-1,-1,-1
FACETIndex,20,20,6,0.7,0.7692307692307693,0.7692307692307693,0.7692307692307693,11.6,6.3,3.0,0.7955130866705479,0.5033333333333334,1.0,0.05498572057808689,1.6,3.6187381744384766,3.8804047107696533,-1.0,-1.0,-1,-1,-1
FACETBranchBound,20,20,6,0.7,0.7692307692307693,0.7692307692307693,0.7692307692307693,11.6,6.3,3.0,0.7955130866705479,0.5033333333333334,1.0,0.052337242769983236,1.75,0.07700920104980469,0.6005504131317139,-1.0,-1.0,56,97.8,162
