dataset,n_samples,n_features,n_trees,max_depth,test_size,avg_nnodes,avg_nleaves,avg_depth,accuracy_hard,precision_hard,recall_hard,f1_hard,accuracy_soft,precision_soft,recall_soft,f1_soft
cancer,568,30,20,3,0.2,12.7,6.85,3.0,0.9385964912280702,1.0,0.8409090909090909,0.9135802469135803,0.9385964912280702,1.0,0.8409090909090909,0.9135802469135803
cancer,568,30,20,3,0.2,13.3,7.15,3.0,0.9298245614035088,0.8695652173913043,0.9523809523809523,0.909090909090909,0.9298245614035088,0.8695652173913043,0.9523809523809523,0.909090909090909
cancer,568,30,20,3,0.2,12.6,6.8,3.0,0.9824561403508771,1.0,0.9523809523809523,0.975609756097561,0.9736842105263158,0.975609756097561,0.9523809523809523,0.963855421686747
cancer,568,30,20,3,0.2,12.0,6.5,3.0,0.956140350877193,0.9761904761904762,0.9111111111111111,0.9425287356321839,0.956140350877193,0.9761904761904762,0.9111111111111111,0.9425287356321839
cancer,568,30,20,3,0.2,12.9,6.95,3.0,0.9385964912280702,1.0,0.8444444444444444,0.9156626506024096,0.9385964912280702,0.975,0.8666666666666667,0.9176470588235294
