explainer,n_samples,n_samples_explained,n_features,accuracy,precision,recall,f1,avg_nnodes,avg_nleaves,avg_depth,q,jaccard,coverage_ratio,mean_distance,mean_length,runtime,clique_size,init_time
GraphMerge,378,76,30,0.9605263157894737,1.0,0.5714285714285714,0.7272727272727273,10.5,5.75,3.6,0.35420536482463466,0.1144288752183489,0.03947368421052633,0.14662571831783036,1.6666666666666667,1.5200014114379883,3,0.007996320724487305
BestCandidate,378,76,30,0.9605263157894737,1.0,0.5714285714285714,0.7272727272727273,10.5,5.75,3.6,0.35420536482463466,0.1144288752183489,0.06578947368421051,0.19924970336406894,1.0,0.13299918174743652,-1,0.0
