dataset,n_trees,explainer,n_samples,n_samples_explained,n_features,accuracy,precision,recall,f1,avg_nnodes,avg_nleaves,avg_depth,q,jaccard,coverage_ratio,mean_distance,mean_length,init_time,runtime,clique_size,grown_clique_size,ext_min,ext_avg,ext_max,n_rects,cover_xtrain,cover_xtest,rects_0,rects_1,facet_sd,facet_search,rbv_initial_radius,rbv_radius_growth,rbv_num_interval,rects_searched_0,rects_searched_1,idx_dim_0,idx_dim_1
cancer,20,FACETIndex,20,20,30,0.95,1.0,0.6666666666666666,0.8,23.6,12.3,5.8,0.7439379949075239,0.2287564204891482,1.0,0.1934725397551033,6.4,39.80014705657959,3.0740084648132324,,,,,,60000,0.8215859030837004,0.7,40626,17287,0.3,BitVector,0.05,Linear,4,37225,91670,27,27
cancer,20,FACETIndex,20,20,30,0.95,1.0,0.6666666666666666,0.8,23.6,12.3,5.8,0.7439379949075239,0.2287564204891482,1.0,0.19456523453388685,6.65,40.576751947402954,2.8470101356506348,,,,,,60000,0.8303964757709251,0.75,40708,17313,0.3,BitVector,0.05,Linear,8,29449,90160,14,14
cancer,20,FACETIndex,20,20,30,0.95,1.0,0.6666666666666666,0.8,23.6,12.3,5.8,0.7439379949075239,0.2287564204891482,1.0,0.19488532292520622,6.4,22.252222299575806,9.108020067214966,,,,,,60000,0.8215859030837004,0.8,40756,17209,0.3,BitVector,0.05,Linear,16,77414,309762,2,2
cancer,20,FACETIndex,20,20,30,0.95,1.0,0.6666666666666666,0.8,23.6,12.3,5.8,0.7439379949075239,0.2287564204891482,1.0,0.19763896502462497,6.55,14.911052227020264,9.196009874343872,,,,,,60000,0.8215859030837004,0.65,40638,17381,0.3,BitVector,0.05,Linear,32,81276,312858,0,0
