dataset,n_trees,explainer,n_samples,n_samples_explained,n_features,accuracy,precision,recall,f1,avg_nnodes,avg_nleaves,avg_depth,q,jaccard,coverage_ratio,mean_distance,mean_length,init_time,runtime,clique_size,grown_clique_size,ext_min,ext_avg,ext_max,n_rects,cover_xtrain,cover_xtest
cancer,100,FACETIndex,20,20,30,0.95,1.0,0.6666666666666666,0.8,12.3,6.65,3.0,0.7594504779566777,0.15145659895659896,1.0,0.8967955941708153,19.7,7.635007619857788,0.04700016975402832,-1,-1,-1,-1,-1,100,0.0,0.0
cancer,100,FACETIndex,20,20,30,0.95,1.0,0.6666666666666666,0.8,12.3,6.65,3.0,0.7594504779566777,0.15145659895659896,1.0,0.8224068841492029,20.5,23.314194917678833,0.3919987678527832,-1,-1,-1,-1,-1,1000,0.0,0.0
cancer,100,FACETIndex,20,20,30,0.95,1.0,0.6666666666666666,0.8,12.3,6.65,3.0,0.7594504779566777,0.15145659895659896,1.0,0.5320832674870404,17.45,91.83816242218018,1.9630000591278076,-1,-1,-1,-1,-1,5000,0.0,0.0
cancer,100,FACETIndex,20,20,30,0.95,1.0,0.6666666666666666,0.8,12.3,6.65,3.0,0.7594504779566777,0.15145659895659896,1.0,0.4714276305154459,16.15,172.5329988002777,3.911001205444336,-1,-1,-1,-1,-1,10000,0.0,0.0
cancer,100,FACETIndex,20,20,30,0.95,1.0,0.6666666666666666,0.8,12.3,6.65,3.0,0.7594504779566777,0.15145659895659896,1.0,0.4692697412380508,16.15,349.84122037887573,7.8000006675720215,-1,-1,-1,-1,-1,20000,0.0,0.0
cancer,100,FACETIndex,20,20,30,0.95,1.0,0.6666666666666666,0.8,12.3,6.65,3.0,0.7594504779566777,0.15145659895659896,1.0,0.4685805879770385,16.15,536.1109983921051,11.892001628875732,-1,-1,-1,-1,-1,30000,0.0,0.0
cancer,100,FACETIndex,20,20,30,0.95,1.0,0.6666666666666666,0.8,12.3,6.65,3.0,0.7594504779566777,0.15145659895659896,1.0,0.4681502201500106,16.1,718.3062732219696,15.5819993019104,-1,-1,-1,-1,-1,40000,0.0,0.0
cancer,100,FACETIndex,20,20,30,0.95,1.0,0.6666666666666666,0.8,12.3,6.65,3.0,0.7594504779566777,0.15145659895659896,1.0,0.4681502201500106,16.1,902.1655390262604,19.48500156402588,-1,-1,-1,-1,-1,50000,0.0,0.0
