explainer,n_trees,max_depth,n_samples,n_samples_explained,n_features,accuracy,precision,recall,f1,q,jaccard,coverage_ratio,mean_distance,mean_length,init_time,runtime,ext_min,ext_avg,ext_max,avg_nnodes,avg_nleaves,avg_depth
FACETBranchBound,5,3,3,3,6,0.6666666666666666,0.0,0.0,0.0,-0.2,0.545,1.0,0.014332304201242643,1.0,0.018999099731445312,0.28400206565856934,18,22.333333333333332,25,12.6,6.8,3.0
FACETBranchBound,10,3,3,3,6,0.6666666666666666,0.5,1.0,0.6666666666666666,0.08888888888888889,0.542962962962963,1.0,0.0207884592782428,2.3333333333333335,0.07499980926513672,10.051223516464233,177,486.6666666666667,708,12.2,6.6,3.0
FACETBranchBound,15,3,3,3,6,0.6666666666666666,0.0,0.0,0.0,0.2761904761904762,0.5144444444444444,1.0,0.019090108423373175,1.6666666666666667,0.19300150871276855,154.57021355628967,1412,1493.3333333333333,1590,12.2,6.6,3.0
FACETBranchBound,20,3,3,3,6,0.6666666666666666,0.0,0.0,0.0,0.07368421052631578,0.5116666666666667,1.0,0.01485893873729316,1.0,0.370999813079834,1381.6728386878967,6787,8983.333333333334,11306,13.2,7.1,3.0
