dataset,n_trees,explainer,n_samples,n_samples_explained,n_features,accuracy,precision,recall,f1,avg_nnodes,avg_nleaves,avg_depth,q,jaccard,coverage_ratio,mean_distance,mean_length,init_time,runtime,clique_size,grown_clique_size,ext_min,ext_avg,ext_max,n_rects,cover_xtrain,cover_xtest,rects_0,rects_1,facet_sd,facet_search,rbv_initial_radius,rbv_radius_growth,rbv_num_interval,rects_searched_0,rects_searched_1,idx_dim_0,idx_dim_1,order
cancer,100,FACETIndex,20,20,30,0.95,1.0,0.6666666666666666,0.8,20.66,10.83,4.9,0.6693905310656069,0.21320334063628463,1.0,0.31880556615694566,11.6,91.7794542312622,6.823000431060791,,,,,,60000,0.4801762114537445,0.45,34403,25591,0.3,BitVector,0.05,Linear,4,48376,296337,30,30,Axes
cancer,100,FACETIndex,20,20,30,0.95,1.0,0.6666666666666666,0.8,20.66,10.83,4.9,0.6693905310656069,0.21320334063628463,1.0,0.32703709180662266,12.25,92.43744707107544,6.7858726978302,,,,,,60000,0.10352422907488987,0.05,34417,25580,0.3,BitVector,0.05,Linear,4,45408,295234,30,30,Size
cancer,100,FACETIndex,20,20,30,0.95,1.0,0.6666666666666666,0.8,20.66,10.83,4.9,0.6693905310656069,0.21320334063628463,1.0,0.31806692990868213,11.5,90.52601027488708,6.709006071090698,,,,,,60000,0.20044052863436124,0.05,34252,25659,0.3,BitVector,0.05,Linear,4,46027,289041,30,30,Ensemble
