dataset,n_trees,explainer,n_samples,n_samples_explained,n_features,accuracy,precision,recall,f1,avg_nnodes,avg_nleaves,avg_depth,q,jaccard,coverage_ratio,mean_distance,mean_length,init_time,runtime,clique_size,grown_clique_size,ext_min,ext_avg,ext_max,n_rects,cover_xtrain,cover_xtest,rects_0,rects_1,facet_sd,facet_search,rbv_initial_radius,rbv_radius_growth,rbv_num_interval,rects_searched_0,rects_searched_1,idx_dim_0,idx_dim_1,order
glass,100,FACETIndex,20,20,9,0.85,0.75,1.0,0.8571428571428571,21.5,11.25,5.0,0.359723779888595,0.5763869648869648,1.0,0.16536563314410474,5.6,67.96034479141235,1.687000036239624,,,,,,60000,0.14728682170542637,0.1,40616,16343,0.3,BitVector,0.05,Linear,4,73453,8985,9,9,Axes
glass,100,FACETIndex,20,20,9,0.85,0.75,1.0,0.8571428571428571,21.5,11.25,5.0,0.359723779888595,0.5763869648869648,1.0,0.17003159130252582,6.0,68.20414924621582,1.8870000839233398,,,,,,60000,0.11627906976744186,0.0,42370,15920,0.3,BitVector,0.05,Linear,4,81486,13066,9,9,Size
glass,100,FACETIndex,20,20,9,0.85,0.75,1.0,0.8571428571428571,21.5,11.25,5.0,0.359723779888595,0.5763869648869648,1.0,0.16498849841538,5.4,65.43699526786804,2.5819995403289795,,,,,,60000,0.10077519379844961,0.1,41406,16060,0.3,BitVector,0.05,Linear,4,123628,8168,9,9,Ensemble
