dataset,n_trees,explainer,n_samples,n_samples_explained,n_features,accuracy,precision,recall,f1,avg_nnodes,avg_nleaves,avg_depth,q,jaccard,coverage_ratio,mean_distance,mean_length,init_time,runtime,clique_size,grown_clique_size,ext_min,ext_avg,ext_max,n_rects,cover_xtrain,cover_xtest,rects_0,rects_1,facet_sd,facet_search,rbv_initial_radius,rbv_radius_growth,rbv_num_interval,rects_searched_0,rects_searched_1,idx_dim_0,idx_dim_1,order
magic,100,FACETIndex,20,20,10,0.9,0.8333333333333334,1.0,0.9090909090909091,56.9,28.95,5.0,0.9183843517647384,0.8448636363636364,1.0,0.2309699583504777,5.75,75.10099911689758,2.8540000915527344,,,,,,60000,0.04048636214262241,0.0,42577,17345,0.3,BitVector,0.05,Linear,4,82689,61588,10,10,Axes
magic,100,FACETIndex,20,20,10,0.9,0.8333333333333334,1.0,0.9090909090909091,56.9,28.95,5.0,0.9183843517647384,0.8448636363636364,1.0,0.23274487163405727,5.8,75.31820058822632,3.2458481788635254,,,,,,60000,0.047650345054222804,0.0,42782,17027,0.3,BitVector,0.05,Linear,4,104947,60337,10,10,Size
magic,100,FACETIndex,20,20,10,0.9,0.8333333333333334,1.0,0.9090909090909091,56.9,28.95,5.0,0.9183843517647384,0.8448636363636364,1.0,0.23058383723305065,5.5,73.80627274513245,3.4070000648498535,,,,,,60000,0.05501150180742688,0.0,42670,17131,0.3,BitVector,0.05,Linear,4,111115,62497,10,10,Ensemble
