dataset,n_trees,explainer,n_samples,n_samples_explained,n_features,accuracy,precision,recall,f1,avg_nnodes,avg_nleaves,avg_depth,q,jaccard,coverage_ratio,mean_distance,mean_length,init_time,runtime,clique_size,grown_clique_size,ext_min,ext_avg,ext_max,n_rects,cover_xtrain,cover_xtest,rects_0,rects_1,facet_sd,facet_search,rbv_initial_radius,rbv_radius_growth,rbv_num_interval,rects_searched_0,rects_searched_1,idx_dim_0,idx_dim_1,order
spambase,100,FACETIndex,20,20,57,1.0,1.0,1.0,1.0,45.48,23.24,5.0,-0.11594240951527629,0.3128361745567518,1.0,0.0950437314503716,14.6,113.1560173034668,2.7990012168884277,,,,,,60000,0.0,0.0,46486,13514,0.3,BitVector,0.05,Linear,4,96298,36353,54,54,Axes
spambase,100,FACETIndex,20,20,57,1.0,1.0,1.0,1.0,45.48,23.24,5.0,-0.11594240951527629,0.3128361745567518,1.0,0.0861110943368463,12.25,114.34899115562439,2.2229998111724854,,,,,,60000,0.11548913043478261,0.0,46378,13622,0.3,BitVector,0.05,Linear,4,70147,37037,54,54,Size
spambase,100,FACETIndex,20,20,57,1.0,1.0,1.0,1.0,45.48,23.24,5.0,-0.11594240951527629,0.3128361745567518,1.0,0.09042191054601921,14.4,112.05651545524597,2.661123275756836,,,,,,60000,0.0,0.0,46534,13466,0.3,BitVector,0.05,Linear,4,93125,33280,54,54,Ensemble
