dataset,n_trees,explainer,n_samples,n_samples_explained,n_features,accuracy,precision,recall,f1,avg_nnodes,avg_nleaves,avg_depth,q,jaccard,coverage_ratio,mean_distance,mean_length,init_time,runtime,clique_size,grown_clique_size,ext_min,ext_avg,ext_max,n_rects,cover_xtrain,cover_xtest,rects_0,rects_1,facet_sd,facet_search,rbv_initial_radius,rbv_radius_growth,rbv_num_interval,rects_searched_0,rects_searched_1,idx_dim_0,idx_dim_1,order
vertebral,100,FACETIndex,20,20,6,0.8,0.8461538461538461,0.8461538461538461,0.8461538461538461,26.62,13.81,5.0,0.7443444854209573,0.8391582491582493,1.0,0.08362427110420748,2.9,72.56915330886841,1.0049898624420166,,,,,,60000,0.30364372469635625,0.35,12323,27791,0.3,BitVector,0.05,Linear,4,34338,16624,6,6,Axes
vertebral,100,FACETIndex,20,20,6,0.8,0.8461538461538461,0.8461538461538461,0.8461538461538461,26.62,13.81,5.0,0.7443444854209573,0.8391582491582493,1.0,0.08595425970871132,3.4,73.65152049064636,0.937000036239624,,,,,,60000,0.10931174089068826,0.2,12518,32531,0.3,BitVector,0.05,Linear,4,33775,13694,6,6,Size
vertebral,100,FACETIndex,20,20,6,0.8,0.8461538461538461,0.8461538461538461,0.8461538461538461,26.62,13.81,5.0,0.7443444854209573,0.8391582491582493,1.0,0.0885594198054784,3.5,70.74633026123047,0.9400002956390381,,,,,,60000,0.16194331983805668,0.2,12124,28144,0.3,BitVector,0.05,Linear,4,32300,15653,6,6,Ensemble
