explainer,n_samples,n_features,accuracy,precision,recall,f1,avg_nnodes,avg_nleaves,avg_depth,q,jaccard,coverage_ratio,mean_distance,mean_length,runtime
OCEAN,6870,16,1.0,1.0,1.0,1.0,35.2,18.1,6.45,-0.005263157894736842,0.5177438789280895,1.0,1.0635750314576327,2.9,5.041000604629517
GraphMerge,6870,16,1.0,1.0,1.0,1.0,35.2,18.1,6.45,-0.005263157894736842,0.5177438789280895,1.0,0.31344887516798514,1.4,0.9750001430511475
