,n_features,accuracy,precision,recall,f1,coverage_ratio,mean_distance,avg_nnodes,avg_nleaves,avg_depth,q,jaccard,mean_length
0,6.0,0.983975175662111,0.9927215733648534,0.9900151631597532,0.9913665211547011,1.0,0.012362934288061917,134.6,67.8,14.15,0.9447577929247263,1.0,1.4666666666666666
1,6.0,0.9803325997992433,0.9947354602927895,0.9840385800112408,0.9893581074905825,1.0,0.010104569963339522,146.2,73.6,13.8,0.9627854459409395,1.0,1.1680555555555556
2,6.0,0.9808306308393174,0.9950609648998258,0.9842238640453903,0.989612746495263,1.0,0.01335735704655972,141.4,71.2,14.6,0.9487983772628575,1.0,1.3729166666666666
3,6.0,0.9853640645509999,0.9946653968734496,0.9894505149788257,0.9920511027496138,1.0,0.010699159896626169,140.0,70.5,13.9,0.9441470154816656,1.0,1.3270833333333334
4,6.0,0.9880192649216277,0.9956918055959756,0.9914431462892874,0.9935629339496764,1.0,0.01310370751886738,139.8,70.4,13.65,0.9402569244530886,1.0,1.4993055555555554
