,n_features,accuracy,precision,recall,f1,coverage_ratio,mean_distance,avg_nnodes,avg_nleaves,avg_depth,q,jaccard,mean_length
0,9.0,0.9994661623864451,0.9995543091958956,0.9998707328835478,0.9997124960015362,1.0,0.02220385279916345,38.4,19.7,8.8,0.9459291328789529,0.7626670843776107,1.589714867617108
1,9.0,0.9999098551397401,0.9999026893911643,1.0,0.9999513423281284,1.0,0.021630239574741708,39.5,20.25,9.45,0.162700099739701,0.7237781954887218,1.435437881873727
2,9.0,1.0,1.0,1.0,1.0,1.0,0.017617304315030044,46.2,23.6,9.85,-0.23749118803891678,0.7673141186299081,1.1760692464358453
3,9.0,1.0,1.0,1.0,1.0,1.0,0.02682963349488497,39.6,20.3,9.1,-0.4001641008038957,0.8099728487886383,1.4441955193482687
4,9.0,1.0,1.0,1.0,1.0,1.0,0.014331101056011751,43.4,22.2,9.65,0.08320853562402257,0.7411967418546367,1.530651731160896
