,n_features,accuracy,precision,recall,f1,coverage_ratio,mean_distance,avg_nnodes,avg_nleaves,avg_depth,q,jaccard,mean_length
0,6.0,0.9974844976900241,0.999112355086599,0.9983262461061976,0.9987191459064547,1.0,0.09369989992513762,23.8,12.4,5.6,0.9722083909279725,0.7459649122807018,1.9218543046357617
1,6.0,0.9934512621427443,0.9933263876208787,1.0,0.996652022257586,1.0,0.09666298910729466,23.3,12.15,5.9,0.7745896935822116,0.8089473684210525,2.4158940397350994
2,6.0,0.993363430358178,0.9931930626173376,1.0,0.996584908150481,1.0,0.016432272295359138,21.5,11.25,5.3,0.8979323800014768,0.7359649122807016,1.0105960264900662
3,6.0,0.9722627224339944,0.9722627224339944,1.0,0.9859363170786016,1.0,0.08079426560610987,22.3,11.65,5.8,0.9500460315657826,0.7110526315789472,1.7682119205298013
4,6.0,0.9948530574244208,0.9958287588119727,0.9988770191015428,0.9973505598185721,1.0,0.08539095924199445,25.2,13.1,6.05,0.989962550663292,0.7506140350877193,1.1841059602649007
