{
    "instance": {
        "x0": 0.027829313543599257,
        "x1": 0.09119927040583675,
        "x2": 0.0,
        "x3": 0.358974358974359
    },
    "region": {
        "x0": [
            -100000000000000.0,
            0.0032405690290033817
        ],
        "x1": [
            0.04583963379263878,
            100000000000000.0
        ],
        "x2": [
            -100000000000000.0,
            0.018571428954601288
        ],
        "x3": [
            -100000000000000.0,
            0.4871795028448105
        ]
    }
}