{
    "instance": {
        "x0": 0.06514533085961657,
        "x1": 0.0,
        "x2": 0.2042857142857143,
        "x3": 1.0
    },
    "region": {
        "x0": [
            0.03102659247815609,
            0.050760667771101
        ],
        "x1": [
            -100000000000000.0,
            0.00019343846361152828
        ],
        "x2": [
            -100000000000000.0,
            0.16857142746448517
        ],
        "x3": [
            0.8717948794364929,
            100000000000000.0
        ]
    }
}