{
    "instance": {
        "x0": 0.022362399505256647,
        "x1": 0.0349437204502364,
        "x2": 0.08571428571428572,
        "x3": 0.6153846153846154
    },
    "region": {
        "x0": [
            -100000000000000.0,
            0.0032405690290033817
        ],
        "x1": [
            -100000000000000.0,
            0.00019343846361152828
        ],
        "x2": [
            0.08428571373224258,
            0.10142857208848
        ],
        "x3": [
            -100000000000000.0,
            0.8717948794364929
        ]
    }
}