{
    "instance": {
        "x0": 0.10481137909709339,
        "x1": 0.0,
        "x2": 0.21428571428571427,
        "x3": 0.7435897435897436
    },
    "region": {
        "x0": [
            0.0032405690290033817,
            0.0180890541523695
        ],
        "x1": [
            -100000000000000.0,
            0.00019343846361152828
        ],
        "x2": [
            0.22499999403953552,
            0.22785714268684387
        ],
        "x3": [
            -100000000000000.0,
            0.8717948794364929
        ]
    }
}