{
    "instance": {
        "x0": 0.055139146567718,
        "x1": 0.06827945376436989,
        "x2": 0.2,
        "x3": 0.358974358974359
    },
    "region": {
        "x0": [
            0.0032405690290033817,
            0.010667903814464808
        ],
        "x1": [
            0.04583963379263878,
            0.23559411615133286
        ],
        "x2": [
            0.22499999403953552,
            0.22785714268684387
        ],
        "x3": [
            0.0769230779260397,
            0.4871795028448105
        ]
    }
}