{
    "instance": {
        "x0": 0.00329004329004329,
        "x1": 1.0,
        "x2": 0.5,
        "x3": 0.358974358974359
    },
    "region": {
        "x0": [
            0.0180890541523695,
            0.07395176216959953
        ],
        "x1": [
            0.04583963379263878,
            100000000000000.0
        ],
        "x2": [
            0.08428571373224258,
            0.18357142806053162
        ],
        "x3": [
            -100000000000000.0,
            0.4871795028448105
        ]
    }
}