{
    "instance": {
        "x0": 0.039282622139764994,
        "x1": 0.021911824705402358,
        "x2": 0.15,
        "x3": 0.15384615384615385
    },
    "region": {
        "x0": [
            0.0032405690290033817,
            0.010667903814464808
        ],
        "x1": [
            -100000000000000.0,
            0.00019343846361152828
        ],
        "x2": [
            0.10142857208848,
            0.17642857134342194
        ],
        "x3": [
            0.0769230779260397,
            0.8717948794364929
        ]
    }
}