{
    "instance": {
        "x0": 0.07235621521335807,
        "x1": 0.0,
        "x2": 0.22285714285714286,
        "x3": 0.7435897435897436
    },
    "region": {
        "x0": [
            0.0032405690290033817,
            0.0180890541523695
        ],
        "x1": [
            -100000000000000.0,
            0.00019343846361152828
        ],
        "x2": [
            0.22499999403953552,
            0.22785714268684387
        ],
        "x3": [
            -100000000000000.0,
            0.8717948794364929
        ]
    }
}