{
    "instance": {
        "x0": 0.023760049474335188,
        "x1": 0.018095855233158136,
        "x2": 0.13428571428571429,
        "x3": 1.0
    },
    "region": {
        "x0": [
            0.050760667771101,
            0.0720779225230217
        ],
        "x1": [
            0.00019343846361152828,
            0.03049175627529621
        ],
        "x2": [
            0.018571428954601288,
            0.23714286088943481
        ],
        "x3": [
            0.8717948794364929,
            100000000000000.0
        ]
    }
}