{
    "instance": {
        "x0": 0.15696969696969698,
        "x1": 0.2632298941608467,
        "x2": 0.49857142857142855,
        "x3": 0.7435897435897436
    },
    "region": {
        "x0": [
            0.010667903814464808,
            0.0180890541523695
        ],
        "x1": [
            0.2433580532670021,
            0.5137998983263969
        ],
        "x2": [
            0.24642857164144516,
            100000000000000.0
        ],
        "x3": [
            0.4871795028448105,
            0.8717948794364929
        ]
    }
}