{
    "instance": {
        "x0": 0.4646753246753247,
        "x1": 0.0,
        "x2": 0.21714285714285714,
        "x3": 0.7435897435897436
    },
    "region": {
        "x0": [
            0.07395176216959953,
            0.16073593124747276
        ],
        "x1": [
            0.03049175627529621,
            0.5137998983263969
        ],
        "x2": [
            -100000000000000.0,
            0.018571428954601288
        ],
        "x3": [
            0.8717948794364929,
            100000000000000.0
        ]
    }
}