dataset,n_trees,explainer,n_samples,n_samples_explained,n_features,accuracy,precision,recall,f1,avg_nnodes,avg_nleaves,avg_depth,q,jaccard,coverage_ratio,mean_distance,mean_length,init_time,runtime,clique_size,grown_clique_size,ext_min,ext_avg,ext_max,n_rects,cover_xtrain,cover_xtest,rects_0,rects_1,facet_sd
cancer,50,FACETIndex,20,20,30,0.95,1.0,0.6666666666666666,0.8,20.92,10.96,4.94,0.6662185219336934,0.21910425334583422,1.0,0.3060093078809118,12.35,14.178000688552856,1.038999319076538,,,,,,20000,0.9515418502202643,0.55,3842,2574,0.01
cancer,50,FACETIndex,20,20,30,0.95,1.0,0.6666666666666666,0.8,20.92,10.96,4.94,0.6662185219336934,0.21910425334583422,1.0,0.280848706610369,11.0,12.742997646331787,2.5800468921661377,,,,,,20000,0.6960352422907489,0.55,12032,5956,0.1
cancer,50,FACETIndex,20,20,30,0.95,1.0,0.6666666666666666,0.8,20.92,10.96,4.94,0.6662185219336934,0.21910425334583422,1.0,0.30694281386227396,9.85,10.772010326385498,2.980067491531372,,,,,,20000,0.15198237885462554,0.05,13034,6965,0.5
cancer,50,FACETIndex,20,20,30,0.95,1.0,0.6666666666666666,0.8,20.92,10.96,4.94,0.6662185219336934,0.21910425334583422,1.0,0.31401022594534506,10.05,10.590444803237915,2.8553953170776367,,,,,,20000,0.004405286343612335,0.0,13338,6661,0.75
cancer,50,FACETIndex,20,20,30,0.95,1.0,0.6666666666666666,0.8,20.92,10.96,4.94,0.6662185219336934,0.21910425334583422,1.0,0.3216524303767627,10.5,11.66201138496399,3.408001661300659,,,,,,20000,0.13656387665198239,0.05,13215,6784,1.0
