dataset,n_trees,explainer,n_samples,n_samples_explained,n_features,accuracy,precision,recall,f1,avg_nnodes,avg_nleaves,avg_depth,q,jaccard,coverage_ratio,mean_distance,mean_length,init_time,runtime,clique_size,grown_clique_size,ext_min,ext_avg,ext_max,n_rects,cover_xtrain,cover_xtest,rects_0,rects_1,facet_sd
glass,50,FACETIndex,20,20,9,0.85,0.8,0.8888888888888888,0.8421052631578948,22.12,11.56,5.0,0.40284266886352554,0.6270754778101717,1.0,0.17117191407484167,4.7,12.463999509811401,1.6470005512237549,,,,,,20000,0.9844961240310077,0.3,4657,3915,0.01
glass,50,FACETIndex,20,20,9,0.85,0.8,0.8888888888888888,0.8421052631578948,22.12,11.56,5.0,0.40284266886352554,0.6270754778101717,1.0,0.12901945381527674,4.2,11.325001955032349,3.6349995136260986,,,,,,20000,0.31007751937984496,0.3,12720,6272,0.1
glass,50,FACETIndex,20,20,9,0.85,0.8,0.8888888888888888,0.8421052631578948,22.12,11.56,5.0,0.40284266886352554,0.6270754778101717,1.0,0.17796125307335225,4.95,11.515000581741333,3.067999839782715,,,,,,20000,0.13178294573643412,0.05,14529,1498,0.5
glass,50,FACETIndex,20,20,9,0.85,0.8,0.8888888888888888,0.8421052631578948,22.12,11.56,5.0,0.40284266886352554,0.6270754778101717,1.0,0.22474900431231065,5.2,11.565999746322632,2.5710015296936035,,,,,,20000,0.11627906976744186,0.0,12363,951,0.75
glass,50,FACETIndex,20,20,9,0.85,0.8,0.8888888888888888,0.8421052631578948,22.12,11.56,5.0,0.40284266886352554,0.6270754778101717,1.0,0.20344290826128208,5.5,11.567999124526978,2.1419999599456787,,,,,,20000,0.11627906976744186,0.05,10575,691,1.0
