dataset,n_trees,explainer,n_samples,n_samples_explained,n_features,accuracy,precision,recall,f1,avg_nnodes,avg_nleaves,avg_depth,q,jaccard,coverage_ratio,mean_distance,mean_length,init_time,runtime,clique_size,grown_clique_size,ext_min,ext_avg,ext_max,n_rects,cover_xtrain,cover_xtest,rects_0,rects_1,facet_sd
magic,50,FACETIndex,20,20,10,0.9,0.8333333333333334,1.0,0.9090909090909091,57.24,29.12,5.0,0.9608016016205474,0.8674965986394558,1.0,0.18871650928534017,5.05,13.419999837875366,2.4069998264312744,,,,,,20000,0.6239237594479132,0.65,4488,9026,0.01
magic,50,FACETIndex,20,20,10,0.9,0.8333333333333334,1.0,0.9090909090909091,57.24,29.12,5.0,0.9608016016205474,0.8674965986394558,1.0,0.18251550434482144,4.95,12.029999732971191,3.6489999294281006,,,,,,20000,0.3402563259940848,0.25,8713,10899,0.1
magic,50,FACETIndex,20,20,10,0.9,0.8333333333333334,1.0,0.9090909090909091,57.24,29.12,5.0,0.9608016016205474,0.8674965986394558,1.0,0.21289509119622996,5.25,11.503000259399414,4.048000335693359,,,,,,20000,0.016299704239237593,0.0,14067,5345,0.5
magic,50,FACETIndex,20,20,10,0.9,0.8333333333333334,1.0,0.9090909090909091,57.24,29.12,5.0,0.9608016016205474,0.8674965986394558,1.0,0.22359471767014677,6.1,11.509998798370361,3.7900002002716064,,,,,,20000,0.0009201445941505094,0.0,13416,4650,0.75
magic,50,FACETIndex,20,20,10,0.9,0.8333333333333334,1.0,0.9090909090909091,57.24,29.12,5.0,0.9608016016205474,0.8674965986394558,1.0,0.2261025820967518,5.15,11.401049375534058,3.4240002632141113,,,,,,20000,0.00019717384160368058,0.0,12175,4166,1.0
