dataset,n_trees,explainer,n_samples,n_samples_explained,n_features,accuracy,precision,recall,f1,avg_nnodes,avg_nleaves,avg_depth,q,jaccard,coverage_ratio,mean_distance,mean_length,init_time,runtime,clique_size,grown_clique_size,ext_min,ext_avg,ext_max,n_rects,cover_xtrain,cover_xtest,rects_0,rects_1,facet_sd
spambase,50,FACETIndex,20,20,57,1.0,1.0,1.0,1.0,46.44,23.72,5.0,-0.0076707213513181926,0.3101688021918488,1.0,0.04566481653984712,10.35,11.881999731063843,3.942000150680542,,,,,,20000,0.30516304347826084,0.2,12123,7872,0.01
spambase,50,FACETIndex,20,20,57,1.0,1.0,1.0,1.0,46.44,23.72,5.0,-0.0076707213513181926,0.3101688021918488,1.0,0.04609308419733068,10.65,10.7479989528656,3.931000232696533,,,,,,20000,0.14646739130434783,0.0,13882,6118,0.1
spambase,50,FACETIndex,20,20,57,1.0,1.0,1.0,1.0,46.44,23.72,5.0,-0.0076707213513181926,0.3101688021918488,1.0,0.06391616084834958,11.25,10.57699704170227,3.936999797821045,,,,,,20000,0.11820652173913043,0.0,14932,5068,0.5
spambase,50,FACETIndex,20,20,57,1.0,1.0,1.0,1.0,46.44,23.72,5.0,-0.0076707213513181926,0.3101688021918488,1.0,0.06501076612501808,12.25,10.600998878479004,3.9630002975463867,,,,,,20000,0.09456521739130434,0.0,15133,4867,0.75
spambase,50,FACETIndex,20,20,57,1.0,1.0,1.0,1.0,46.44,23.72,5.0,-0.0076707213513181926,0.3101688021918488,1.0,0.05871419554186989,11.25,10.78712773323059,3.947000741958618,,,,,,20000,0.12282608695652174,0.05,15243,4757,1.0
