dataset,n_trees,explainer,n_samples,n_samples_explained,n_features,accuracy,precision,recall,f1,avg_nnodes,avg_nleaves,avg_depth,q,jaccard,coverage_ratio,mean_distance,mean_length,init_time,runtime,clique_size,grown_clique_size,ext_min,ext_avg,ext_max,n_rects,cover_xtrain,cover_xtest,rects_0,rects_1,facet_sd
vertebral,50,FACETIndex,20,20,6,0.75,0.75,0.9230769230769231,0.8275862068965517,25.36,13.18,5.0,0.6946666464027186,0.837061224489796,1.0,0.0830375622262931,3.65,12.790000200271606,1.8480002880096436,,,,,,20000,0.951417004048583,0.25,4654,5867,0.01
vertebral,50,FACETIndex,20,20,6,0.75,0.75,0.9230769230769231,0.8275862068965517,25.36,13.18,5.0,0.6946666464027186,0.837061224489796,1.0,0.07100037390853295,3.2,12.488008975982666,2.5339996814727783,,,,,,20000,0.3603238866396761,0.35,5086,13041,0.1
vertebral,50,FACETIndex,20,20,6,0.75,0.75,0.9230769230769231,0.8275862068965517,25.36,13.18,5.0,0.6946666464027186,0.837061224489796,1.0,0.09644940869752763,3.8,11.972999334335327,1.3490002155303955,,,,,,20000,0.12550607287449392,0.15,2384,8286,0.5
vertebral,50,FACETIndex,20,20,6,0.75,0.75,0.9230769230769231,0.8275862068965517,25.36,13.18,5.0,0.6946666464027186,0.837061224489796,1.0,0.1084055140314242,3.85,11.88499927520752,0.9269998073577881,,,,,,20000,0.08906882591093117,0.05,1555,5891,0.75
vertebral,50,FACETIndex,20,20,6,0.75,0.75,0.9230769230769231,0.8275862068965517,25.36,13.18,5.0,0.6946666464027186,0.837061224489796,1.0,0.11825312084462167,3.85,11.972867965698242,0.6889996528625488,,,,,,20000,0.07692307692307693,0.1,1104,4643,1.0
