explainer,n_samples,n_samples_explained,n_features,accuracy,precision,recall,f1,avg_nnodes,avg_nleaves,avg_depth,q,jaccard,coverage_ratio,mean_distance,mean_length,init_time,runtime,clique_size,grown_clique_size,ext_min,ext_avg,ext_max
OCEAN,20,20,30,0.95,1.0,0.6666666666666666,0.8,12.8,6.9,3.0,0.8052733282481567,0.18587092731829574,1.0,0.2118961174429929,6.25,0.0,1.6009535789489746,-1,-1,-1,-1,-1
FACETIndex,20,20,30,0.95,1.0,0.6666666666666666,0.8,12.8,6.9,3.0,0.8052733282481567,0.18587092731829574,1.0,0.2403196718230211,6.35,8.521986246109009,8.462119817733765,-1,-1,-1,-1,-1
