dataset,n_trees,explainer,n_samples,n_samples_explained,n_features,accuracy,precision,recall,f1,avg_nnodes,avg_nleaves,avg_depth,q,jaccard,coverage_ratio,mean_distance,mean_length,init_time,runtime,clique_size,grown_clique_size,ext_min,ext_avg,ext_max,n_rects
cancer,20,FACETIndex,20,20,30,0.95,1.0,0.6666666666666666,0.8,12.8,6.9,3.0,0.8052733282481567,0.18587092731829574,1.0,0.30170865410989606,7.85,0.02100396156311035,0.048996925354003906,-1,-1,-1,-1,-1,100
cancer,20,FACETIndex,20,20,30,0.95,1.0,0.9,0.9473684210526316,13.4,7.2,3.0,0.2431162003495264,0.16788777012461223,1.0,0.22486366962193866,5.95,0.0989999771118164,0.3399999141693115,-1,-1,-1,-1,-1,1000
cancer,20,FACETIndex,20,20,30,1.0,1.0,1.0,1.0,13.2,7.1,3.0,0.0,0.16053011316169208,1.0,0.3320508400339565,6.35,1.0470013618469238,3.4909775257110596,-1,-1,-1,-1,-1,10000
