explainer,n_samples,n_samples_explained,n_features,accuracy,precision,recall,f1,avg_nnodes,avg_nleaves,avg_depth,q,jaccard,coverage_ratio,mean_distance,mean_length,init_time,runtime,clique_size,grown_clique_size,ext_min,ext_avg,ext_max
FACETGrow,10,10,57,0.6,0.0,0.0,0.0,14.8,7.9,3.0,0.45770655270655275,0.14090304756971425,1.0,0.049883660852265976,6.4,0.05700087547302246,0.015999794006347656,1.9,10.0,-1,-1,-1
OCEAN,10,10,57,0.6,0.0,0.0,0.0,14.8,7.9,3.0,0.45770655270655275,0.14090304756971425,1.0,0.004175763152131829,2.4,0.0,0.3444945812225342,-1.0,-1.0,-1,-1,-1
FACETIndex,10,10,57,0.6,0.0,0.0,0.0,14.8,7.9,3.0,0.45770655270655275,0.14090304756971425,1.0,0.05872536191459915,7.6,1.4929907321929932,0.20399999618530273,-1.0,-1.0,-1,-1,-1
FACETBranchBound,10,10,57,0.6,0.0,0.0,0.0,14.8,7.9,3.0,0.45770655270655275,0.14090304756971425,1.0,0.0035629833478081677,3.1,0.07799839973449707,1.0839998722076416,-1.0,-1.0,159,215.3,274
