dataset,n_trees,explainer,n_samples,n_samples_explained,n_features,accuracy,precision,recall,f1,avg_nnodes,avg_nleaves,avg_depth,q,jaccard,coverage_ratio,mean_distance,mean_length,init_time,runtime,clique_size,grown_clique_size,ext_min,ext_avg,ext_max,n_rects,cover_xtrain,cover_xtest,rects_0,rects_1,facet_sd,facet_search,rbv_initial_radius,rbv_radius_growth,rbv_num_interval,rects_searched_0,rects_searched_1,idx_dim_0,idx_dim_1,order
magic,20,FACETIndex,20,20,10,0.85,0.7692307692307693,1.0,0.8695652173913044,56.0,28.5,5.0,0.9714044757189946,0.8423684210526317,1.0,0.1746283950700336,3.75,22.441357374191284,1.7870025634765625,,,,,,60000,0.5380216891225764,0.45,31809,11280,0.3,BitVector,0.05,Linear,4,39235,46920,10,10,Axes
magic,20,FACETIndex,20,20,10,0.85,0.7692307692307693,1.0,0.8695652173913044,56.0,28.5,5.0,0.9714044757189946,0.8423684210526317,1.0,0.1722044307804266,3.6,22.962709426879883,1.7332916259765625,,,,,,60000,0.6264870193887611,0.5,34919,11339,0.3,BitVector,0.05,Linear,4,38810,46932,10,10,Size
magic,20,FACETIndex,20,20,10,0.85,0.7692307692307693,1.0,0.8695652173913044,56.0,28.5,5.0,0.9714044757189946,0.8423684210526317,1.0,0.1741650620904585,3.5,21.393022060394287,1.8949697017669678,,,,,,60000,0.596319421623398,0.65,29974,10858,0.3,BitVector,0.05,Linear,4,48799,46078,10,10,Ensemble
