dataset,n_trees,explainer,n_samples,n_samples_explained,n_features,accuracy,precision,recall,f1,avg_nnodes,avg_nleaves,avg_depth,q,jaccard,coverage_ratio,mean_distance,mean_length,init_time,runtime,clique_size,grown_clique_size,ext_min,ext_avg,ext_max,n_rects,cover_xtrain,cover_xtest,rects_0,rects_1,facet_sd,facet_search,rbv_initial_radius,rbv_radius_growth,rbv_num_interval,rects_searched_0,rects_searched_1,idx_dim_0,idx_dim_1,order
spambase,20,FACETIndex,20,20,57,0.95,0.9090909090909091,1.0,0.9523809523809523,45.9,23.45,5.0,-0.0663959988187177,0.3052085590699904,1.0,0.0236301111501638,7.2,49.34172344207764,1.740030288696289,,,,,,60000,0.004076086956521739,0.0,43872,16106,0.3,BitVector,0.05,Linear,4,57855,27013,37,36,Axes
spambase,20,FACETIndex,20,20,57,0.95,0.9090909090909091,1.0,0.9523809523809523,45.9,23.45,5.0,-0.0663959988187177,0.3052085590699904,1.0,0.02231467512867143,6.95,50.18668508529663,1.519864559173584,,,,,,60000,0.19456521739130433,0.15,43750,16242,0.3,BitVector,0.05,Linear,4,45592,26973,37,36,Size
spambase,20,FACETIndex,20,20,57,0.95,0.9090909090909091,1.0,0.9523809523809523,45.9,23.45,5.0,-0.0663959988187177,0.3052085590699904,1.0,0.0227724601690574,7.05,48.76614570617676,1.8268616199493408,,,,,,60000,0.007880434782608695,0.0,43764,16220,0.3,BitVector,0.05,Linear,4,59926,29551,37,36,Ensemble
