dataset,n_trees,explainer,n_samples,n_samples_explained,n_features,accuracy,precision,recall,f1,avg_nnodes,avg_nleaves,avg_depth,q,jaccard,coverage_ratio,mean_distance,mean_length,init_time,runtime,clique_size,grown_clique_size,ext_min,ext_avg,ext_max,n_rects,cover_xtrain,cover_xtest,rects_0,rects_1,facet_sd,facet_search,rbv_initial_radius,rbv_radius_growth,rbv_num_interval,rects_searched_0,rects_searched_1,idx_dim_0,idx_dim_1,order
vertebral,20,FACETIndex,20,20,6,0.75,0.7857142857142857,0.8461538461538461,0.8148148148148148,26.8,13.9,5.0,0.5809613295807871,0.7589473684210526,1.0,0.06358450092594582,2.0,16.65164613723755,0.35699939727783203,,,,,,60000,0.631578947368421,0.5,5862,5350,0.3,BitVector,0.05,Linear,4,16208,1848,6,6,Axes
vertebral,20,FACETIndex,20,20,6,0.75,0.7857142857142857,0.8461538461538461,0.8148148148148148,26.8,13.9,5.0,0.5809613295807871,0.7589473684210526,1.0,0.06255280176251232,2.25,17.334604740142822,0.3699984550476074,,,,,,60000,0.6275303643724697,0.6,5772,10467,0.3,BitVector,0.05,Linear,4,16900,1769,6,6,Size
vertebral,20,FACETIndex,20,20,6,0.75,0.7857142857142857,0.8461538461538461,0.8148148148148148,26.8,13.9,5.0,0.5809613295807871,0.7589473684210526,1.0,0.06394054221452997,2.0,16.434865474700928,0.309999942779541,,,,,,60000,0.6356275303643725,0.6,5689,7676,0.3,BitVector,0.05,Linear,4,13182,2449,6,6,Ensemble
