{
    "instance": {
        "x0": 0.047520098948670375,
        "x1": 0.0,
        "x2": 0.0,
        "x3": 0.358974358974359
    },
    "region": {
        "x0": [
            0.0032405690290033817,
            0.024755720980465412
        ],
        "x1": [
            -100000000000000.0,
            0.00019343846361152828
        ],
        "x2": [
            -100000000000000.0,
            0.018571428954601288
        ],
        "x3": [
            0.0769230779260397,
            0.8717948794364929
        ]
    }
}