{
    "instance": {
        "x0": 0.03569573283858998,
        "x1": 0.060095519235846113,
        "x2": 0.2257142857142857,
        "x3": 0.7435897435897436
    },
    "region": {
        "x0": [
            -100000000000000.0,
            0.0032405690290033817
        ],
        "x1": [
            0.00019343846361152828,
            0.23559411615133286
        ],
        "x2": [
            0.22499999403953552,
            0.22785714268684387
        ],
        "x3": [
            0.0769230779260397,
            0.8717948794364929
        ]
    }
}