{
    "instance": {
        "x0": 0.02906617192331478,
        "x1": 0.0,
        "x2": 0.13714285714285715,
        "x3": 1.0
    },
    "region": {
        "x0": [
            0.050760667771101,
            0.0720779225230217
        ],
        "x1": [
            -100000000000000.0,
            0.00019343846361152828
        ],
        "x2": [
            0.018571428954601288,
            0.17000000178813934
        ],
        "x3": [
            0.8717948794364929,
            100000000000000.0
        ]
    }
}