{
    "instance": {
        "x0": 0.029189857761286332,
        "x1": 0.047591619267045866,
        "x2": 0.2,
        "x3": 0.358974358974359
    },
    "region": {
        "x0": [
            -100000000000000.0,
            0.0032405690290033817
        ],
        "x1": [
            0.04583963379263878,
            0.23559411615133286
        ],
        "x2": [
            0.17642857134342194,
            0.22499999403953552
        ],
        "x3": [
            0.0769230779260397,
            0.4871795028448105
        ]
    }
}