{
    "instance": {
        "x0": 0.04262213976499691,
        "x1": 0.0,
        "x2": 0.14285714285714285,
        "x3": 0.48717948717948717
    },
    "region": {
        "x0": [
            0.0032405690290033817,
            0.010667903814464808
        ],
        "x1": [
            -100000000000000.0,
            0.00019343846361152828
        ],
        "x2": [
            0.10142857208848,
            0.17642857134342194
        ],
        "x3": [
            0.0769230779260397,
            0.8717948794364929
        ]
    }
}