{
    "instance": {
        "x0": 0.02776747062461348,
        "x1": 0.0,
        "x2": 0.0,
        "x3": 0.7435897435897436
    },
    "region": {
        "x0": [
            0.024755720980465412,
            0.02769325952976942
        ],
        "x1": [
            -100000000000000.0,
            0.00019343846361152828
        ],
        "x2": [
            -100000000000000.0,
            0.018571428954601288
        ],
        "x3": [
            0.6794871985912323,
            0.8717948794364929
        ]
    }
}