{
    "instance": {
        "x0": 0.06142238713667285,
        "x1": 0.03482372141022872,
        "x2": 0.2357142857142857,
        "x3": 0.7435897435897436
    },
    "region": {
        "x0": [
            0.0032405690290033817,
            0.0180890541523695
        ],
        "x1": [
            -100000000000000.0,
            0.00019343846361152828
        ],
        "x2": [
            0.22785714268684387,
            0.23928571492433548
        ],
        "x3": [
            0.0769230779260397,
            0.8717948794364929
        ]
    }
}