{
    "instance": {
        "x0": 0.0007421150278293135,
        "x1": 0.07000743994048048,
        "x2": 0.14,
        "x3": 0.7435897435897436
    },
    "region": {
        "x0": [
            -100000000000000.0,
            0.0032405690290033817
        ],
        "x1": [
            -100000000000000.0,
            0.00019343846361152828
        ],
        "x2": [
            0.10142857208848,
            0.17642857134342194
        ],
        "x3": [
            -100000000000000.0,
            0.8717948794364929
        ]
    }
}