{
    "instance": {
        "x0": 0.02279529993815708,
        "x1": 0.03899968800249598,
        "x2": 0.16142857142857142,
        "x3": 0.358974358974359
    },
    "region": {
        "x0": [
            -100000000000000.0,
            0.0032405690290033817
        ],
        "x1": [
            0.04583963379263878,
            0.23559411615133286
        ],
        "x2": [
            0.08428571373224258,
            0.17642857134342194
        ],
        "x3": [
            -100000000000000.0,
            0.4871795028448105
        ]
    }
}