{
    "instance": {
        "x0": 0.0660235003092146,
        "x1": 0.0,
        "x2": 0.17857142857142858,
        "x3": 0.7435897435897436
    },
    "region": {
        "x0": [
            0.0032405690290033817,
            0.0180890541523695
        ],
        "x1": [
            -100000000000000.0,
            0.00019343846361152828
        ],
        "x2": [
            0.17642857134342194,
            0.18357142806053162
        ],
        "x3": [
            0.0769230779260397,
            0.8717948794364929
        ]
    }
}