{
    "instance": {
        "x0": 0.11345701917130488,
        "x1": 0.0,
        "x2": 0.10714285714285714,
        "x3": 0.358974358974359
    },
    "region": {
        "x0": [
            0.0032405690290033817,
            0.010667903814464808
        ],
        "x1": [
            -100000000000000.0,
            0.00019343846361152828
        ],
        "x2": [
            0.10142857208848,
            0.17642857134342194
        ],
        "x3": [
            0.0769230779260397,
            0.8717948794364929
        ]
    }
}