{
    "instance": {
        "x0": 0.02906617192331478,
        "x1": 0.47999616003071977,
        "x2": 0.14714285714285713,
        "x3": 0.7435897435897436
    },
    "region": {
        "x0": [
            -100000000000000.0,
            0.010667903814464808
        ],
        "x1": [
            0.2433580532670021,
            100000000000000.0
        ],
        "x2": [
            0.08428571373224258,
            0.17642857134342194
        ],
        "x3": [
            0.0769230779260397,
            0.8717948794364929
        ]
    }
}