{
    "instance": {
        "x0": 0.07544836116264687,
        "x1": 0.13569491444068446,
        "x2": 0.26857142857142857,
        "x3": 0.358974358974359
    },
    "region": {
        "x0": [
            -100000000000000.0,
            0.0032405690290033817
        ],
        "x1": [
            0.04583963379263878,
            0.23559411615133286
        ],
        "x2": [
            0.23928571492433548,
            100000000000000.0
        ],
        "x3": [
            0.0769230779260397,
            0.4871795028448105
        ]
    }
}