{
    "instance": {
        "x0": 0.11387755102040817,
        "x1": 0.0,
        "x2": 0.41714285714285715,
        "x3": 0.7435897435897436
    },
    "region": {
        "x0": [
            0.0032405690290033817,
            0.0180890541523695
        ],
        "x1": [
            -100000000000000.0,
            0.00019343846361152828
        ],
        "x2": [
            0.24642857164144516,
            100000000000000.0
        ],
        "x3": [
            0.0769230779260397,
            0.8717948794364929
        ]
    }
}