{
    "instance": {
        "x0": 0.022424242424242423,
        "x1": 0.0,
        "x2": 0.07571428571428572,
        "x3": 0.7435897435897436
    },
    "region": {
        "x0": [
            -100000000000000.0,
            0.0032405690290033817
        ],
        "x1": [
            -100000000000000.0,
            0.00019343846361152828
        ],
        "x2": [
            0.05071428604424,
            0.10142857208848
        ],
        "x3": [
            0.0769230779260397,
            0.8717948794364929
        ]
    }
}