{
    "instance": {
        "x0": 0.02326530612244898,
        "x1": 0.03916768665850673,
        "x2": 0.16142857142857142,
        "x3": 1.0
    },
    "region": {
        "x0": [
            0.0180890541523695,
            0.050760667771101
        ],
        "x1": [
            0.00019343846361152828,
            0.2433580532670021
        ],
        "x2": [
            0.16857142746448517,
            0.23714286088943481
        ],
        "x3": [
            0.8717948794364929,
            100000000000000.0
        ]
    }
}