{
    "instance": {
        "x0": 0.02551638837353123,
        "x1": 0.026999784001727985,
        "x2": 0.0,
        "x3": 0.7435897435897436
    },
    "region": {
        "x0": [
            -100000000000000.0,
            0.010667903814464808
        ],
        "x1": [
            0.00019343846361152828,
            0.019079847261309624
        ],
        "x2": [
            -100000000000000.0,
            0.018571428954601288
        ],
        "x3": [
            0.0769230779260397,
            0.8717948794364929
        ]
    }
}