{
    "instance": {
        "x0": 0.07751391465677179,
        "x1": 0.0,
        "x2": 0.22428571428571428,
        "x3": 0.358974358974359
    },
    "region": {
        "x0": [
            0.0180890541523695,
            0.024755720980465412
        ],
        "x1": [
            -100000000000000.0,
            0.00019343846361152828
        ],
        "x2": [
            0.22499999403953552,
            0.22785714268684387
        ],
        "x3": [
            0.0769230779260397,
            0.6794871985912323
        ]
    }
}