n_samples,n_samples_explained,n_features,n_trees,max_depth,avg_nnodes,avg_nleaves,avg_depth,accuracy,precision,recall,f1,ext_min,ext_avg,ext_max,init_time,runtime,order,coverage_ratio,mean_dist,mean_length,dataset
568,5,30,10,3,13.0,7.0,3.0,0.8947368421052632,1.0,0.7142857142857143,0.8333333333333333,627,1977.8,3180,0.06700015068054199,0.45950984954833984,PriorityQueue,1.0,0.10563426858394998,3.8,cancer
568,5,30,10,3,13.0,7.0,3.0,0.8947368421052632,1.0,0.7142857142857143,0.8333333333333333,176,647.2,1095,0.06700015068054199,1.5109989643096924,Stack,1.0,0.10563426858394998,3.8,cancer
162,5,9,10,3,11.4,6.2,3.0,0.8181818181818182,0.7727272727272727,0.9444444444444444,0.85,663,1525.8,3137,0.07500076293945312,0.2720015048980713,PriorityQueue,1.0,0.05431514069631316,2.8,glass
162,5,9,10,3,11.4,6.2,3.0,0.8181818181818182,0.7727272727272727,0.9444444444444444,0.85,188,384.0,514,0.07500076293945312,0.4660003185272217,Stack,1.0,0.05437734559796324,2.8,glass
