n_samples,n_samples_explained,n_features,n_trees,max_depth,avg_nnodes,avg_nleaves,avg_depth,accuracy,precision,recall,f1,ext_min,ext_avg,ext_max,init_time,runtime,order,coverage_ratio,mean_dist,mean_length,dataset
568,5,30,10,3,12.6,6.8,3.0,0.9298245614035088,0.9591836734693877,0.8867924528301887,0.9215686274509803,903,3225.2,5150,0.06499958038330078,0.9362940788269043,PriorityQueue,1.0,0.18054761285742252,5.0,cancer
568,5,30,10,3,12.6,6.8,3.0,0.9298245614035088,0.9591836734693877,0.8867924528301887,0.9215686274509803,200,468.8,660,0.06499958038330078,1.1290175914764404,Stack,1.0,0.18054761285742252,5.0,cancer
162,5,9,10,3,10.8,5.9,3.0,0.6666666666666666,0.8333333333333334,0.5263157894736842,0.6451612903225806,308,1430.8,3567,0.06701374053955078,0.23171186447143555,PriorityQueue,1.0,0.021329091201089143,1.8,glass
162,5,9,10,3,10.8,5.9,3.0,0.6666666666666666,0.8333333333333334,0.5263157894736842,0.6451612903225806,166,576.4,1309,0.06701374053955078,0.4728353023529053,Stack,1.0,0.021329091201089143,1.8,glass
