explainer,n_samples,n_samples_explained,n_features,accuracy,precision,recall,f1,avg_nnodes,avg_nleaves,avg_depth,q,jaccard,coverage_ratio,mean_distance,mean_length,runtime
GraphMerge,7200,1440,6,0.9895833333333334,0.9223300970873787,0.9313725490196079,0.9268292682926829,31.5,16.25,5.0,0.9470036000062536,0.8768421052631579,0.44305555555555554,0.009181959617439176,1.0830721003134796,1.752000093460083
BestCandidate,7200,1440,6,0.9895833333333334,0.9223300970873787,0.9313725490196079,0.9268292682926829,31.5,16.25,5.0,0.9470036000062536,0.8768421052631579,1.0,0.021353494134736462,1.6284722222222223,4.462218523025513
