explainer,n_samples,n_samples_explained,n_features,accuracy,precision,recall,f1,avg_nnodes,avg_nleaves,avg_depth,q,jaccard,coverage_ratio,mean_distance,mean_length,runtime
GraphMerge,1831,367,21,0.9863760217983651,0.9459459459459459,0.9210526315789473,0.9333333333333332,25.1,13.05,5.0,0.9003448669580137,0.3636303347540516,0.0681198910081744,0.16414587392537297,1.04,1.5268750190734863
BestCandidate,1831,367,21,0.9863760217983651,0.9459459459459459,0.9210526315789473,0.9333333333333332,25.1,13.05,5.0,0.9003448669580137,0.3636303347540516,0.9809264305177112,0.4677540607849456,1.0777777777777777,0.9839963912963867
