explainer,n_samples,n_samples_explained,n_features,accuracy,precision,recall,f1,avg_nnodes,avg_nleaves,avg_depth,q,jaccard,coverage_ratio,mean_distance,mean_length,runtime
GraphMerge,6870,1374,16,0.9970887918486172,1.0,0.8461538461538461,0.9166666666666666,28.2,14.6,5.0,0.7959566971550903,0.48924595141700405,0.0007278020378457262,0.023053173655419756,1.0,1.752436876296997
BestCandidate,6870,1374,16,0.9970887918486172,1.0,0.8461538461538461,0.9166666666666666,28.2,14.6,5.0,0.7959566971550903,0.48924595141700405,0.16593886462882101,0.6584971720119552,2.675438596491228,3.537006139755249
