explainer,n_samples,n_samples_explained,n_features,accuracy,precision,recall,f1,avg_nnodes,avg_nleaves,avg_depth,q,jaccard,coverage_ratio,mean_distance,mean_length,runtime
GraphMerge,5803,1161,36,0.9982773471145564,1.0,0.875,0.9333333333333333,14.8,7.9,4.85,0.9955364957491871,0.13278962265804373,0.0,,,1.6307916641235352
BestCandidate,5803,1161,36,0.9982773471145564,1.0,0.875,0.9333333333333333,14.8,7.9,4.85,0.9955364957491871,0.13278962265804373,0.0017226528854435985,0.10100402476028833,2.0,2.1115174293518066
