explainer,n_samples,n_samples_explained,n_features,accuracy,precision,recall,f1,avg_nnodes,avg_nleaves,avg_depth,q,jaccard,coverage_ratio,mean_distance,mean_length,runtime
GraphMerge,49097,9820,9,0.9994908350305499,0.9985835694050992,0.9943582510578279,0.9964664310954064,20.6,10.8,5.0,0.5864335347078833,0.6785463659147868,0.8185336048879837,0.012369630273196852,1.4394127892510575,2.0840070247650146
BestCandidate,49097,9820,9,0.9994908350305499,0.9985835694050992,0.9943582510578279,0.9964664310954064,20.6,10.8,5.0,0.5864335347078833,0.6785463659147868,1.0,0.02275877434472227,1.654989816700611,23.182177543640137
