explainer,n_samples,n_samples_explained,n_features,accuracy,precision,recall,f1,avg_nnodes,avg_nleaves,avg_depth,q,jaccard,coverage_ratio,mean_distance,mean_length,runtime
GraphMerge,3772,755,6,0.9973509933774835,0.9411764705882353,0.9411764705882353,0.9411764705882353,21.0,11.0,4.8,0.424565256934661,0.729561403508772,0.019867549668874163,0.022871932268660234,1.0,1.5320017337799072
BestCandidate,3772,755,6,0.9973509933774835,0.9411764705882353,0.9411764705882353,0.9411764705882353,21.0,11.0,4.8,0.424565256934661,0.729561403508772,1.0,0.09423244231845401,2.023841059602649,1.7689993381500244
