explainer,n_samples,n_samples_explained,n_features,accuracy,precision,recall,f1,avg_nnodes,avg_nleaves,avg_depth,q,jaccard,coverage_ratio,mean_distance,mean_length,runtime
GraphMerge,378,76,30,1.0,1.0,1.0,1.0,10.9,5.95,3.8,-0.2716301362133113,0.10992101465785675,0.02631578947368418,0.20699192340411537,4.0,1.533001184463501
BestCandidate,378,76,30,1.0,1.0,1.0,1.0,10.9,5.95,3.8,-0.2716301362133113,0.10992101465785675,0.02631578947368418,0.22746955101411181,2.0,0.13899850845336914
