dataset,n_trees,explainer,n_samples,n_samples_explained,n_features,accuracy,precision,recall,f1,avg_nnodes,avg_nleaves,avg_depth,q,jaccard,coverage_ratio,mean_distance,mean_length,init_time,runtime,clique_size,grown_clique_size,ext_min,ext_avg,ext_max,n_rects,cover_xtrain,cover_xtest,rects_0,rects_1
vertebral,50,FACETIndex,20,20,6,0.65,0.7142857142857143,0.7692307692307693,0.7407407407407408,25.76,13.38,5.0,0.7300329439998585,0.7939047619047619,1.0,0.07333945075023848,3.3,13.33853030204773,1.7750465869903564,,,,,,20000,0.9311740890688259,0.05,4405,5291
vertebral,50,FACETIndex,20,20,6,0.65,0.7142857142857143,0.7692307692307693,0.7407407407407408,25.76,13.38,5.0,0.7300329439998585,0.7939047619047619,1.0,0.06813475311858852,3.2,12.764933109283447,2.8469996452331543,,,,,,20000,0.41295546558704455,0.4,5203,12738
vertebral,50,FACETIndex,20,20,6,0.65,0.7142857142857143,0.7692307692307693,0.7407407407407408,25.76,13.38,5.0,0.7300329439998585,0.7939047619047619,1.0,0.09425352548465542,3.75,12.251000165939331,1.6164987087249756,,,,,,20000,0.08502024291497975,0.1,2913,7277
vertebral,50,FACETIndex,20,20,6,0.65,0.7142857142857143,0.7692307692307693,0.7407407407407408,25.76,13.38,5.0,0.7300329439998585,0.7939047619047619,1.0,0.10018693204422555,3.55,12.13699984550476,1.1339998245239258,,,,,,20000,0.0728744939271255,0.0,2057,5095
vertebral,50,FACETIndex,20,20,6,0.65,0.7142857142857143,0.7692307692307693,0.7407407407407408,25.76,13.38,5.0,0.7300329439998585,0.7939047619047619,1.0,0.11341285584995627,3.9,12.18192982673645,0.8710002899169922,,,,,,20000,0.06072874493927125,0.0,1581,3918
