explainer,n_samples,n_features,accuracy,precision,recall,f1,avg_nnodes,avg_nleaves,avg_depth,q,jaccard,coverage_ratio,mean_distance,mean_length,runtime
MACE,3772,6,1.0,1.0,1.0,1.0,29.5,15.25,6.75,0.0,0.8150877192982455,0.4,0.06749133012953493,4.0,135.66450428962708
BestCandidate,3772,6,1.0,1.0,1.0,1.0,29.5,15.25,6.75,0.0,0.8150877192982455,1.0,0.08459492228646741,2.15,0.06251311302185059
GraphMerge,3772,6,1.0,1.0,1.0,1.0,29.5,15.25,6.75,0.0,0.8150877192982455,1.0,0.07315087569131784,1.95,1.0425548553466797
OCEAN,3772,6,1.0,1.0,1.0,1.0,29.5,15.25,6.75,0.0,0.8150877192982455,1.0,0.0760924544640316,2.8,2.9924895763397217
